"prN","string","stimcode","old","lgfreqCount","lex","simBOLDentro","simBOLD_p","vis_pred_err","lumi","vis_pred_err_freq","cvp","concr","bfreq"
1,"Gemüt","w_hild",2,1.875061263,1,5.45715004521666,6.70945982085727,431.22467183658,6271.65490196078,450.21005084032,0.4,6.27562675671262,10992
2,"Seile","w_lowld",1,2.017033339,1,0.34978504314195,0.067962123046954,400.405724733623,6358.52549019608,423.071649872533,0.4,2.46017601242982,15069
5,"Ckspr","cs",2.9,0,0,0.614452679828341,0.134135113377421,470.567739738982,6302.72549019608,491.274968753576,0,NA,4682
6,"Hitze","w_hild",1.6,2.602059991,1,3.30506366289923,1.27889650542086,363.907118088393,6352.3137254902,386.42839504558,0.4,5.25070469866625,7342
8,"Lehre","w_lowld",1.2,2.127104798,1,2.10621507908283,0.661943749560052,385.473503562196,6342.00392156863,410.15183819714,0.2,5.8678750727031,12463
9,"Kette","w_lowld",1.2,2.669316881,1,2.10621507908283,0.661943749560052,352.441447575814,6334.82745098039,374.975209218071,0.2,2.90363489070189,15250
10,"Waren","w_lowld",1,2.984077034,1,0.34978504314195,0.067962123046954,365.004743710989,6326.16470588235,380.700111030581,0.4,4.63215324653392,25521
12,"Pumor","pw",1.9,0,0,5.9286822491376,4.50261925035987,420.353301809469,6321.05098039216,440.316021285078,0.4,NA,4790
14,"Dusst","pw",1.7,0,0,3.60965734923752,8.52921588549721,371.088493789799,6338.16862745098,393.257665427278,0.2,NA,11751
15,"Llctl","cs",3,0,0,0.441458118208431,0.0906726429172815,493.510058634386,6416.45882352941,516.932217968815,0,NA,2942
16,"Chaos","w_hild",1.9,2.84260924,1,5.9286822491376,5.49738074964013,387.542064182586,6320.50196078431,410.879166285086,0.4,7.24171575584089,15056
17,"Tatem","pw",1.8,0,0,5.27463932448096,6.976799445387,432.507531681483,6296.2,450.46629702991,0.4,NA,15219
18,"Kofra","pw",2.2,0,0,5.49296951035486,3.31746785848108,394.508326082844,6331.81176470588,418.567155183773,0.4,NA,5841
19,"Pfint","pw",2,0,0,5.45715004521666,3.29054017914273,434.25108126852,6367.69803921569,455.366220363867,0.2,NA,9114
20,"Stoda","pw",1.9,0,0,5.9286822491376,4.50261925035987,397.495429039783,6290.96862745098,417.559205289697,0.4,NA,8906
21,"Lange","w_lowld",1,2.719331287,1,0.34978504314195,0.067962123046954,395.354731731921,6296.17254901961,417.466502170463,0.4,4.41951270184495,19877
22,"Koaps","pw",1.9,0,0,5.9286822491376,4.50261925035987,380.172256478153,6269.25882352941,404.896934491965,0.4,NA,1954
23,"Klima","w_hild",2,1.995635195,1,5.45715004521666,6.70945982085727,461.539633062228,6317.36862745098,484.860395401435,0.4,5.57008035885721,6585
24,"Gruie","pw",2,0,0,5.45715004521666,3.29054017914273,406.601510623542,6366.97254901961,430.377717305512,0.6,NA,7358
27,"Noten","w_lowld",1.2,2.389166084,1,2.10621507908283,0.661943749560052,356.461484143496,6304.92941176471,372.412922110263,0.4,4.61782389484164,27348
28,"Schin","pw",1.6,0,0,3.30506366289923,8.72110349457914,391.586696929575,6325.57647058824,413.152529325422,0.2,NA,23881
29,"Grund","w_hild",1.9,3.774735883,1,5.9286822491376,5.49738074964013,422.931154403883,6301.36470588235,442.207327494856,0.2,4.94672885440282,10955
30,"Wacht","w_lowld",1,1.763427994,1,0.34978504314195,0.067962123046954,390.313947418195,6311.45882352941,410.076130344494,0.2,4.54016933942873,15925
31,"Tasse","w_lowld",1.2,2.667452953,1,2.10621507908283,0.661943749560052,372.002751402812,6327.58823529412,393.885732178199,0.4,1.44919571492343,9308
32,"Reihe","w_lowld",1.1,3.007320953,1,1.94345261982625,0.593837763473052,364.893434209696,6304.11764705882,386.815862981469,0.4,4.57561773039892,16878
33,"Rchcr","cs",2.5,0,0,4.44678565945304,2.10397898403477,373.858904230502,6328.2431372549,394.105348568862,0,NA,12086
34,"Rthsp","cs",2.9,0,0,0.614452679828341,0.134135113377421,418.497527268142,6253.34117647059,439.57844855482,0,NA,5383
35,"Teste","w_lowld",1.2,1.230448921,1,2.10621507908283,0.661943749560052,387.015497131328,6338.70980392157,409.268541365216,0.2,4.35254222991522,30506
36,"Flude","pw",1.9,0,0,5.9286822491376,4.50261925035987,412.699068154593,6328.39607843137,435.475638425828,0.4,NA,6292
37,"Ngspr","cs",3,0,0,0.441458118208431,0.0906726429172815,459.853376205787,6232.45882352941,479.16290723932,0,NA,8715
38,"Rolle","w_lowld",1,3.354108439,1,0.34978504314195,0.067962123046954,417.121485404451,6346.27058823529,442.883562328456,0.4,4.73229073230089,9658
39,"Zogig","pw",2.1,0,0,5.59994791357721,3.51038210422141,480.753672530105,6271.68235294118,502.857715316904,0.4,NA,3657
40,"Bunde","w_lowld",1.2,1.255272505,1,2.10621507908283,0.661943749560052,351.547395498392,6261.59607843137,374.591427183392,0.4,4.59724543847574,13151
42,"Platz","w_hild",1.8,3.595496222,1,5.27463932448096,3.023200554613,417.307967971754,6378.69803921569,441.511480631579,0.2,4.29893095269838,6244
43,"Segen","w_lowld",1,2.522444234,1,0.34978504314195,0.067962123046954,376.573598133787,6261.99215686275,391.662351737549,0.2,7.05914337302187,29052
44,"Lfths","cs",2.8,0,0,2.10225746116987,0.66447963917475,437.109841750205,6339.14901960784,461.097740924583,0,NA,2428
45,"Spril","pw",1.9,0,0,5.9286822491376,4.50261925035987,484.422046529222,6340.92549019608,507.605653052561,0.2,NA,7338
46,"Armee","w_hild",1.6,3.230448921,1,3.30506366289923,1.27889650542086,424.124599962171,6295.34901960784,441.431911915163,0.2,4.5339589346394,6592
47,"Bombe","w_hild",1.8,3.165244326,1,5.27463932448096,3.023200554613,389.893071054788,6225.16078431373,411.150476873284,0.4,2.4788663136916,5986
48,"Bulle","w_hild",1.6,2.824125834,1,3.30506366289923,1.27889650542086,413.697497005232,6343.51764705882,439.937775777544,0.4,4.3546818781929,7634
49,"Chscr","cs",2.6,0,0,3.31210739957141,1.28251951770743,411.164763886261,6356.12549019608,430.544661243356,0,NA,17912
50,"Krenz","pw",1.9,0,0,5.9286822491376,4.50261925035987,369.556754303007,6342.09803921569,391.659701831006,0.2,NA,23178
52,"Rtswr","cs",3,0,0,0.441458118208431,0.0906726429172815,423.317664712187,6327.01568627451,445.206597641063,0,NA,4633
53,"Bxhmh","cs",3,0,0,0.441458118208431,0.0906726429172815,432.631846667927,6215.70588235294,454.844939735604,0,NA,593
54,"Narbe","w_hild",1.8,2.431363764,1,5.27463932448096,3.023200554613,363.973381249606,6282.96470588235,384.855250664835,0.4,2.22627731154664,9914
55,"Ndstr","cs",2.8,0,0,2.10225746116987,0.66447963917475,413.529994325704,6298.10588235294,434.675659009658,0,NA,12837
56,"Elste","pw",1.8,0,0,5.27463932448096,6.976799445387,389.338725174957,6341.05490196078,413.125613524627,0.2,NA,21018
57,"Folve","pw",1.8,0,0,5.27463932448096,6.976799445387,410.584384338944,6382.87058823529,434.740150767842,0.4,NA,4449
58,"Ndsfr","cs",3,0,0,0.441458118208431,0.0906726429172815,436.087999495618,6283.49803921569,458.108653494763,0,NA,5302
59,"Ckscr","cs",2.8,0,0,2.10225746116987,0.66447963917475,431.453330811424,6359.08235294118,450.825150475656,0,NA,7854
60,"Regen","w_lowld",1,2.977266212,1,0.34978504314195,0.067962123046954,371.243170039719,6253.14901960784,388.37806810283,0.2,4.14248456777688,31048
61,"Ratte","w_lowld",1.1,2.752048448,1,1.94345261982625,0.593837763473052,346.429972889477,6329.22352941176,370.280379161143,0.4,1.47054749660696,16880
62,"Ghthl","cs",3,0,0,0.441458118208431,0.0906726429172815,466.187733434209,6298.14901960784,487.25451697338,0,NA,3976
63,"Faran","pw",1.8,0,0,5.27463932448096,6.976799445387,347.591309501292,6354.13333333333,368.408843546318,0.2,NA,11948
64,"Locke","w_lowld",1.4,2.758154622,1,2.64369143508596,0.913971996476475,396.359389698001,6338.41176470588,421.065942743811,0.4,3.8252466884156,5360
65,"Arche","w_hild",2,1.892094603,1,5.45715004521666,6.70945982085727,404.741093247588,6325.23921568627,425.487390920966,0.2,3.96051501401355,20168
68,"Delta","w_hild",1.9,2.322219295,1,5.9286822491376,5.49738074964013,398.870088897295,6343.71764705882,421.285717874183,0.4,3.80334175792591,12022
69,"Shshr","cs",2.7,0,0,2.63252574021825,0.915112929402753,402.135028056238,6289.61568627451,421.960532597902,0,NA,2847
71,"Tente","pw",1.7,0,0,3.60965734923752,8.52921588549721,381.407906184982,6332.2431372549,403.98903283034,0.2,NA,38163
72,"Milch","w_hild",1.8,2.920645001,1,5.27463932448096,3.023200554613,472.028288254208,6329,488.391401889703,0.2,2.46210080300617,14662
73,"Raten","w_lowld",1,1.995635195,1,0.34978504314195,0.067962123046954,336.24667044953,6311.54117647059,354.262768647341,0.4,5.0015420323708,31662
74,"Wahst","pw",1.7,0,0,3.60965734923752,8.52921588549721,386.881614021814,6301.37254901961,407.2855846026,0.2,NA,9058
75,"Firma","w_hild",2,3.334453751,1,5.45715004521666,6.70945982085727,431.035909463464,6347.11764705882,455.169727115973,0.4,4.07331198420947,4150
76,"Rstwh","cs",2.8,0,0,2.10225746116987,0.66447963917475,413.193965071559,6280.0431372549,434.160670404904,0,NA,8917
77,"Zotis","pw",2,0,0,5.45715004521666,3.29054017914273,395.410602105794,6377.06274509804,421.890738584483,0.4,NA,7365
79,"Ndths","cs",2.8,0,0,2.10225746116987,0.66447963917475,401.345657903032,6251.13333333333,424.674227561228,0,NA,5176
81,"Kuron","pw",2,0,0,5.45715004521666,3.29054017914273,360.256664775234,6336.9568627451,379.715819109995,0.4,NA,6274
82,"Kleid","w_hild",1.8,3.036628895,1,5.27463932448096,3.023200554613,458.385451106487,6320.9568627451,480.862841911822,0.4,2.76896965476291,11355
84,"Kabul","w_hild",2,1.748188027,1,5.45715004521666,6.70945982085727,415.127593468255,6305.12549019608,438.167633321736,0.4,4.48305963973743,3752
85,"Lilit","pw",1.9,0,0,5.9286822491376,4.50261925035987,486.432358615472,6437.54117647059,510.128800355162,0.2,NA,11202
86,"Sunse","pw",1.9,0,0,5.9286822491376,4.50261925035987,336.977242292415,6317.38823529412,359.336007661374,0.4,NA,11171
87,"Hotel","w_hild",1.8,3.298853076,1,5.27463932448096,3.023200554613,392.978152701595,6332.40784313725,411.808129915374,0.4,2.57684982455436,15622
88,"Kippe","w_lowld",1.1,1.939519253,1,1.94345261982625,0.593837763473052,441.635016707647,6249.07058823529,463.616432525598,0.4,2.11640129838247,2438
90,"Rstfr","cs",2.7,0,0,2.63252574021825,0.915112929402753,410.478895403821,6343.19215686274,433.596438473977,0,NA,9609
91,"Webeh","pw",1.8,0,0,5.27463932448096,6.976799445387,393.219852468318,6251.61960784314,408.448637149805,0.2,NA,8729
93,"Basis","w_hild",1.8,2.672097858,1,5.27463932448096,3.023200554613,357.159137507093,6327.98039215686,383.968423008192,0.4,4.67055761335823,7727
94,"Welle","w_lowld",1.1,2.374748346,1,1.94345261982625,0.593837763473052,438.518471723094,6349.39607843137,461.237766619486,0.2,4.12243953935123,12321
95,"Kohle","w_lowld",1.4,2.805500858,1,2.64369143508596,0.913971996476475,392.65744908896,6306.40392156863,418.664390932304,0.4,3.00316119200358,7078
96,"Mpstr","cs",2.4,0,0,4.52414350851075,2.17146523807725,460.147922577391,6287.84705882353,480.838747142471,0,NA,9450
97,"Gsvwx","cs",3.9,0,0,0,0,458.696548767417,6329.88235294118,479.269821574824,0,NA,1545
98,"Gasse","w_lowld",1,2.214843848,1,0.34978504314195,0.067962123046954,350.767928882163,6314.36078431373,371.933898865365,0.4,3.14803972289315,7924
99,"Quaft","pw",1.9,0,0,5.9286822491376,4.50261925035987,464.310439442658,6299.28235294118,488.102465960367,0.4,NA,2282
100,"Gaben","w_lowld",1,1.959041392,1,0.34978504314195,0.067962123046954,369.851225017338,6273.94901960784,386.854423299504,0.4,4.86865018254862,22539
101,"Decke","w_lowld",1,2.743509765,1,0.34978504314195,0.067962123046954,368.302094445495,6299.8862745098,391.790173314115,0.2,1.73520366587638,8866
102,"Weide","w_lowld",1,1.531478917,1,0.34978504314195,0.067962123046954,404.764622659352,6298.65882352941,423.484891555487,0.4,2.74531782642768,12488
103,"Anzug","w_hild",1.9,2.948412966,1,5.9286822491376,5.49738074964013,431.220639303953,6289.53725490196,450.30601231018,0.2,2.16460026113678,7434
104,"Chphr","cs",2.8,0,0,2.10225746116987,0.66447963917475,461.096407540508,6272.47058823529,482.246633889539,0,NA,13359
105,"Cjknp","cs",3.1,0,0,2.9775503947732e-06,1.99645994367225e-07,522.259221991047,6283.03921568627,542.577752891118,0,NA,388
106,"Quarz","w_hild",1.9,1.414973348,1,5.9286822491376,5.49738074964013,434.004367946535,6323.12941176471,458.569173794695,0.4,3.0029693448072,3892
107,"Blume","w_hild",1.8,2.653212514,1,5.27463932448096,3.023200554613,418.082622785448,6282.64705882353,442.016617780071,0.4,1.60007478399616,5492
108,"Norto","pw",2,0,0,5.45715004521666,3.29054017914273,380.534039467877,6334.10980392157,401.640527643825,0.2,NA,7164
109,"Reste","w_lowld",1,2.049218023,1,0.34978504314195,0.067962123046954,341.178586469957,6317.9137254902,364.604338652864,0.2,4.36745673687264,26274
110,"Trure","pw",1.9,0,0,5.9286822491376,4.50261925035987,415.544777756762,6375.1568627451,439.747777251555,0.4,NA,10607
111,"Matte","w_lowld",1.1,1.806179974,1,1.94345261982625,0.593837763473052,387.786477523485,6316.7568627451,409.507587322107,0.4,1.87561821751367,15163
113,"Mitte","w_lowld",1,2.854913022,1,0.34978504314195,0.067962123046954,427.30627072694,6345.87843137255,448.615308264673,0.4,5.23316339357668,15536
114,"Tchpl","cs",2.9,0,0,0.614452679828341,0.134135113377421,496.244065317445,6291.27450980392,518.129152722433,0,NA,12122
115,"Stiet","pw",1.8,0,0,5.27463932448096,6.976799445387,398.899912994137,6367.18823529412,415.397180887392,0.4,NA,16371
116,"Krech","pw",1.8,0,0,5.27463932448096,6.976799445387,385.188941428661,6319.3568627451,403.374049022664,0.2,NA,18724
117,"Genom","w_hild",1.8,1.812913357,1,5.27463932448096,3.023200554613,409.112923523106,6268.23529411765,427.080710246827,0.4,4.06631346872522,25810
118,"Gjkqw","cs",3.9,0,0,0,0,559.057194376143,6240.1568627451,578.488536114596,0,NA,8
119,"Rache","w_lowld",1.1,2.92992956,1,1.94345261982625,0.593837763473052,338.998824790366,6289.58039215686,362.111968363704,0.4,6.89082901795919,21892
120,"Pokef","pw",1.9,0,0,5.9286822491376,4.50261925035987,419.594033163104,6307.93333333333,439.733511959123,0.4,NA,3619
123,"Lkstr","cs",2.2,0,0,5.49296951035486,3.31746785848108,448.140228232772,6365.17254901961,470.651423467837,0,NA,9220
124,"Viren","w_hild",2,1.662757832,1,5.45715004521666,6.70945982085727,419.451875669882,6386.88235294118,436.023002256374,0.4,4.38864074112838,22889
125,"Siege","w_lowld",1,1.681241237,1,0.34978504314195,0.067962123046954,411.587092869302,6293.17647058824,431.217221165415,0.4,4.78038090345582,15686
127,"Moral","w_hild",2,2.46834733,1,5.45715004521666,6.70945982085727,446.475125149738,6335.30588235294,466.796762407649,0.4,7.55134857175716,9343
128,"Ghtcr","cs",2.8,0,0,2.10225746116987,0.66447963917475,413.326171111531,6336.94117647059,431.204905057086,0,NA,2207
129,"Ngthl","cs",3,0,0,0.441458118208431,0.0906726429172815,480.947733434209,6261.23921568627,501.718816325073,0,NA,7202
132,"Retel","pw",1.9,0,0,5.9286822491376,4.50261925035987,393.093073576697,6336.18039215686,412.369134196987,0.2,NA,21508
133,"Mache","w_lowld",1,2.442479769,1,0.34978504314195,0.067962123046954,380.355329424374,6277.1137254902,401.339176524668,0.4,4.95181896035381,20174
134,"Chstr","cs",2.5,0,0,4.44678565945304,2.10397898403477,425.66629846794,6357.25490196078,447.786930663023,0,NA,20726
136,"Deiot","pw",1.9,0,0,5.9286822491376,4.50261925035987,384.950220036567,6353.1137254902,403.104225354573,0.6,NA,12008
138,"Cgkvz","cs",3.7,0,0,1.51797965430034e-12,5.28912960353447e-14,482.019421221865,6315.06274509804,505.300384900194,0,NA,215
141,"Feste","w_lowld",1.2,1.934498451,1,2.10621507908283,0.661943749560052,347.552184603745,6351.95294117647,371.226334918119,0.2,4.19355003821311,22788
142,"Tango","w_hild",1.8,2.315970345,1,5.27463932448096,3.023200554613,422.801066767543,6277.07843137255,443.341658620657,0.4,3.87464434365345,11736
143,"Horet","pw",1.8,0,0,5.27463932448096,6.976799445387,350.030772334657,6333.81568627451,368.07755603643,0.4,NA,11060
144,"Umken","pw",2,0,0,5.45715004521666,3.29054017914273,427.141602673223,6256.5137254902,443.834105139766,0.2,NA,19426
145,"Banjo","w_hild",2,1.72427587,1,5.45715004521666,6.70945982085727,401.89518693651,6301.79215686275,425.754363030745,0.4,3.60221250318063,5922
146,"Final","w_hild",2,1.716003344,1,5.45715004521666,6.70945982085727,428.600312716726,6381.84705882353,451.70043444094,0.4,4.60448159875161,10148
147,"Major","w_hild",2,3.047274867,1,5.45715004521666,6.70945982085727,464.067572032028,6323.49411764706,481.162541614664,0.4,4.23015426295889,4470
148,"Sucht","w_lowld",1.1,2.547774705,1,1.94345261982625,0.593837763473052,378.281447575815,6322.3568627451,399.439571367894,0.2,6.07773490952588,14837
149,"Trick","w_hild",1.8,2.907948522,1,5.27463932448096,3.023200554613,469.865955488305,6366.62745098039,488.179554325179,0.2,4.71919614792091,9646
150,"Essig","w_hild",2,1.662757832,1,5.45715004521666,6.70945982085727,420.680297585272,6293.70588235294,443.667881984878,0.2,1.49677107847166,10903
151,"Paket","w_hild",1.8,2.561101384,1,5.27463932448096,3.023200554613,380.242935502175,6319.59607843137,400.072517533327,0.4,2.63240614412203,5593
153,"Werte","w_lowld",1,2.469822016,1,0.34978504314195,0.067962123046954,377.283863564718,6343.75294117647,397.997796483483,0.2,5.23045335051947,30150
154,"Ngthf","cs",3,0,0,0.441458118208431,0.0906726429172815,467.894546371603,6239.58039215686,488.286023840614,0,NA,5916
155,"Wache","w_lowld",1,2.784617293,1,0.34978504314195,0.067962123046954,367.450317130067,6295.74509803922,388.142514070709,0.4,3.20597585067983,19414
156,"Chtsm","cs",2.9,0,0,0.614452679828341,0.134135113377421,453.203780341719,6294.97647058824,474.263130085453,0,NA,15392
158,"Legen","w_lowld",1,2.756636108,1,0.34978504314195,0.067962123046954,403.216417628144,6296.07843137255,419.970312708513,0.2,4.57088089399449,29750
161,"Limit","w_hild",2,1.86923172,1,5.45715004521666,6.70945982085727,489.501885127041,6376.67058823529,512.389513061577,0.2,4.28024604018172,8530
162,"Alarm","w_hild",1.8,2.832508913,1,5.27463932448096,3.023200554613,491.914361011285,6318.20784313725,514.116310156468,0.2,4.46972030404453,8693
163,"Ndthr","cs",2.8,0,0,2.10225746116987,0.66447963917475,421.803384401992,6270.80784313726,441.529333790366,0,NA,6057
164,"Tubke","pw",1.8,0,0,5.27463932448096,6.976799445387,429.521094508543,6277.52156862745,455.236442974503,0.4,NA,3478
165,"Hauen","w_lowld",1,2.225309282,1,0.34978504314195,0.067962123046954,319.280277409999,6297.32941176471,337.008066245049,0.6,3.86817791622355,22828
166,"Magie","w_hild",1.8,2.725094521,1,5.27463932448096,3.023200554613,435.899733938591,6271.96078431373,458.779946987918,0.6,7.15502971024487,8292
167,"Trend","w_hild",2,1.72427587,1,5.45715004521666,6.70945982085727,444.363535716537,6306.27843137255,463.891852553487,0.2,5.24287443024473,27640
168,"Masse","w_lowld",1.1,2.155336037,1,1.94345261982625,0.593837763473052,367.522345375449,6294.32549019608,388.44873762681,0.4,4.83610392550649,9076
171,"Runde","w_lowld",1.2,2.942504106,1,2.10621507908283,0.661943749560052,356.909624866023,6269.62352941177,380.690500474914,0.4,4.55254223748362,14260
172,"Sicht","w_lowld",1,2.696356389,1,0.34978504314195,0.067962123046954,406.712676376016,6343.25882352941,426.437589214774,0.2,4.81766585188287,17720
173,"Maske","w_hild",1.8,2.679427897,1,5.27463932448096,3.023200554613,397.602453817539,6269.98431372549,420.854344627406,0.4,2.89373933239535,5912
174,"Dhpwz","cs",3.4,0,0,6.67876777830979e-12,2.38690265691028e-13,450.030003152386,6241.99607843137,473.06817451949,0,NA,115
175,"Enbel","pw",1.9,0,0,5.9286822491376,4.50261925035987,404.359271168274,6289.42745098039,425.566525283663,0.2,NA,25216
176,"Villa","w_hild",2,2.40654018,1,5.45715004521666,6.70945982085727,499.810486097976,6410.30196078431,524.235325865593,0.4,3.73799616694174,6828
177,"Kthxb","cs",3,0,0,0.441458118208431,0.0906726429172815,420.537159069415,6276.60392156863,443.572848706231,0,NA,1684
178,"Tchfl","cs",2.9,0,0,0.614452679828341,0.134135113377421,494.189196141479,6334.15294117647,518.354598349285,0,NA,12463
180,"Wette","w_lowld",1,2.682145076,1,0.34978504314195,0.067962123046954,376.97728264296,6335.29411764706,397.590999807248,0.2,4.9343867470146,15013
181,"Banco","pw",2,0,0,5.45715004521666,3.29054017914273,327.194086123195,6305.42352941176,347.506610811223,0.4,NA,6421
182,"Pasta","w_hild",2,1.806179974,1,5.45715004521666,6.70945982085727,361.522932980266,6344.03137254902,385.745836266097,0.2,3.06640415320835,11045
183,"Knast","w_hild",2,3.084218687,1,5.45715004521666,6.70945982085727,359.579910472227,6321.73725490196,382.109162334036,0.2,3.29815747853139,10085
184,"Muhne","pw",2,0,0,5.45715004521666,3.29054017914273,387.390633629657,6268.78039215686,410.067153526597,0.4,NA,4940
185,"Ndspr","cs",3,0,0,0.441458118208431,0.0906726429172815,438.142868671584,6240.61960784314,457.883207867911,0,NA,6852
186,"Drama","w_hild",1.9,2.746634199,1,5.9286822491376,5.49738074964013,413.797642015005,6291.4,437.722957687149,0.2,5.03625229975282,7449
187,"Tolid","pw",2,0,0,5.45715004521666,3.29054017914273,492.142994767038,6339.09411764706,514.0764975391,0.4,NA,6629
188,"Nchpr","cs",2.6,0,0,3.31210739957141,1.28251951770743,424.037803417186,6262.32941176471,443.748903954629,0,NA,12989
190,"Katze","w_hild",1.6,3.041787319,1,3.30506366289923,1.27889650542086,335.472409053653,6335.70196078431,358.972774918431,0.4,1.65378039266194,6201
191,"Flora","w_hild",2,1.643452676,1,5.45715004521666,6.70945982085727,416.075584137191,6381.81176470588,441.467456004247,0.4,4.25691208859034,7918
192,"Rthwh","cs",3,0,0,0.441458118208431,0.0906726429172815,432.824976987579,6252.74509803922,454.385945953493,0,NA,3912
193,"Ststr","cs",2,0,0,5.45715004521666,3.29054017914273,403.481679591451,6366.6431372549,423.573110016217,0,NA,16633
194,"Kerle","w_lowld",1.3,2.918554531,1,2.28177659516127,0.739890649996696,383.856077170417,6350.33725490196,408.25106848398,0.2,4.54361938493947,22754
195,"Pirat","w_hild",2,2.096910013,1,5.45715004521666,6.70945982085727,405.733593089969,6392.82745098039,427.050317871915,0.4,3.37094307124581,7280
196,"Etlas","pw",1.8,0,0,5.27463932448096,6.976799445387,391.497396128869,6341.14901960784,415.769287354641,0.2,NA,6797
197,"Kanal","w_hild",1.8,2.617000341,1,5.27463932448096,3.023200554613,386.622578652039,6324.38431372549,409.385472350947,0.2,3.12974401361093,10200
198,"Mbstr","cs",2.2,0,0,5.49296951035486,3.31746785848108,443.436070865645,6300.17254901961,464.034473206573,0,NA,9263
199,"Crvwx","cs",3.1,0,0,2.9775503947732e-06,1.99645994367225e-07,481.229019607843,6379.9568627451,502.809022346544,0,NA,327
200,"Wulti","pw",2,0,0,5.45715004521666,3.29054017914273,464.814985183784,6379.87450980392,487.863966870501,0.4,NA,5473
201,"Pilot","w_hild",2,2.874481818,1,5.45715004521666,6.70945982085727,439.894884307421,6394.36470588235,459.825739033663,0.4,3.78906727475184,4273
202,"Wotan","w_hild",2,1.748188027,1,5.45715004521666,6.70945982085727,378.512946220288,6320.74509803922,396.367012666909,0.4,5.14701049145354,7911
203,"Ghtpr","cs",2.8,0,0,2.10225746116987,0.66447963917475,452.440580039089,6280.58431372549,471.654723335005,0,NA,3288
204,"Alten","w_lowld",1.1,2.611723308,1,1.94345261982625,0.593837763473052,429.181678330496,6345.79215686275,444.727578408262,0.2,4.1457802166093,29977
206,"Bupel","pw",2,0,0,5.45715004521666,3.29054017914273,423.880310194817,6278.98039215686,444.705717507859,0.4,NA,6266
207,"Sjjlj","cs",3,0,0,0.441458118208431,0.0906726429172815,624.777148981779,6362.16862745098,646.851298743779,0,NA,39
209,"Regel","w_lowld",1.4,2.777426822,1,2.64369143508596,0.913971996476475,425.993755753104,6277.88235294118,445.204358713377,0.2,4.77510576466442,19037
211,"Hacke","w_lowld",1.3,1.113943352,1,2.28177659516127,0.739890649996696,348.066391778576,6285.72549019608,372.279936085465,0.4,2.14746091858085,7344
213,"Falte","w_lowld",1.2,1.278753601,1,2.10621507908283,0.661943749560052,383.236711430553,6370.3137254902,407.680079648963,0.4,2.8965849752677,14735
214,"Raben","w_lowld",1.1,1,1,1.94345261982625,0.593837763473052,345.249136876615,6266.38039215686,364.142053899985,0.4,2.78455431373009,25409
215,"Krise","w_hild",1.8,2.621176282,1,5.27463932448096,3.023200554613,383.024001008763,6361.2862745098,404.915439879083,0.4,6.50662838802127,10667
216,"Rasse","w_lowld",1.1,2.57634135,1,1.94345261982625,0.593837763473052,326.165840741441,6306.79215686275,349.221529465846,0.4,4.84883908657365,10794
217,"Dfkqw","cs",3.6,0,0,3.89366704012169e-12,1.3700674880621e-13,506.94723661812,6230.18431372549,526.915062566999,0,NA,116
219,"Ghtsp","cs",2.6,0,0,3.31210739957141,1.28251951770743,438.773330811424,6260.90980392157,457.636903494111,0,NA,5059
221,"Stöck","pw",1.8,0,0,5.27463932448096,6.976799445387,420.15250236429,6300.49803921569,438.258844811001,0.2,NA,10019
222,"Neffe","w_hild",2,2.382017043,1,5.45715004521666,6.70945982085727,405.298939537229,6290.3568627451,427.292685500877,0.2,4.34034094775459,6773
223,"Tchpr","cs",2.6,0,0,3.31210739957141,1.28251951770743,458.810223819431,6292.68235294118,479.219369559135,0,NA,12841
224,"Wunde","w_lowld",1.2,2.656098202,1,2.10621507908283,0.661943749560052,385.361117205724,6275.78823529412,406.721046181919,0.4,2.98297023680958,12848
225,"Angur","pw",2,0,0,5.45715004521666,3.29054017914273,444.714910787465,6297.21568627451,464.060675027544,0.2,NA,11282
226,"Ffspr","cs",3,0,0,0.441458118208431,0.0906726429172815,448.307403064119,6319.74509803922,469.336472890839,0,NA,3634
228,"Cknpv","cs",3,0,0,0.441458118208431,0.0906726429172815,478.699403568501,6297.41176470588,500.140094423967,0,NA,2098
229,"Kasus","pw",2,0,0,5.45715004521666,3.29054017914273,340.886355210894,6320.80392156863,365.567343229275,0.4,NA,5867
230,"Sitze","w_lowld",1.1,1.86923172,1,1.94345261982625,0.593837763473052,376.40697307862,6367.96862745098,397.950024377888,0.4,4.34592870088689,7392
231,"Grabe","w_lowld",1.4,1.544068044,1,2.64369143508596,0.913971996476475,395.19564466301,6300.09019607843,416.66401414354,0.4,3.90251358039193,10122
232,"Weste","w_lowld",1,2.276461804,1,0.34978504314195,0.067962123046954,369.630078809658,6324.07843137255,390.634884359869,0.2,1.82553586533963,22550
233,"Agenk","pw",1.9,0,0,5.9286822491376,4.50261925035987,461.795937204463,6244.8862745098,481.142387776697,0.2,NA,26473
234,"Zokel","pw",2,0,0,5.45715004521666,3.29054017914273,435.539464094319,6330.5568627451,455.610185332978,0.4,NA,6504
235,"Leite","w_lowld",1,1.62324929,1,0.34978504314195,0.067962123046954,395.940495555135,6385.56078431373,418.510548253824,0.4,4.51445163967438,22751
236,"Ursel","pw",2,0,0,5.45715004521666,3.29054017914273,428.643752600718,6367.86666666667,447.310233565428,0.2,NA,11283
237,"Funde","w_lowld",1.3,1,1,2.28177659516127,0.739890649996696,363.28322299981,6303.66274509804,387.312496740169,0.4,4.30985414194307,12985
238,"Reime","w_lowld",1.1,1.176091259,1,1.94345261982625,0.593837763473052,393.432512451926,6288.81176470588,416.716394759501,0.4,5.0940138987897,14621
240,"Wolle","w_lowld",1,1.672097858,1,0.34978504314195,0.067962123046954,445.572977744152,6352.43529411765,468.914108035461,0.4,5.23462226730617,8220
241,"Ngths","cs",2.8,0,0,2.10225746116987,0.66447963917475,423.056165437236,6242.97254901961,445.953926932636,0,NA,6423
242,"Boten","w_lowld",1,2.075546961,1,0.34978504314195,0.067962123046954,340.034764516739,6306.45882352941,357.120111710894,0.4,5.01682632621525,27245
243,"Gschr","cs",2.6,0,0,3.31210739957141,1.28251951770743,405.091830275518,6325.72549019608,424.707402590952,0,NA,20057
244,"Demut","w_hild",2,1.698970004,1,5.45715004521666,6.70945982085727,405.524451169535,6291.06666666667,425.047530856123,0.4,7.92663718732127,7150
245,"Tumor","w_hild",2,2.340444115,1,5.45715004521666,6.70945982085727,452.690748376521,6315.91764705882,471.513394404511,0.4,3.27490584145009,5404
246,"Quote","w_hild",2,1.903089987,1,5.45715004521666,6.70945982085727,425.115112540192,6301.12156862745,448.704515970353,0.6,5.05375912472838,10826
247,"Lmstr","cs",2.2,0,0,5.49296951035486,3.31746785848108,456.794663640376,6346.90980392157,478.78294978505,0,NA,9183
248,"Ghtgl","cs",3,0,0,0.441458118208431,0.0906726429172815,495.167853224891,6278.36470588235,515.186460025943,0,NA,2842
249,"Wdspr","cs",3,0,0,0.441458118208431,0.0906726429172815,455.529870752159,6256.34117647059,474.720016467069,0,NA,2992
250,"Ghtsc","cs",2.8,0,0,2.10225746116987,0.66447963917475,396.754792257739,6317.26666666667,416.926441238837,0,NA,9291
251,"Marke","w_lowld",1.1,2.534026106,1,1.94345261982625,0.593837763473052,405.256238572599,6289.65882352941,428.21725675102,0.4,3.83630175913468,7430
252,"Route","w_hild",1.6,2.414973348,1,3.30506366289923,1.27889650542086,345.783330180946,6324.76862745098,370.219438811515,0.6,4.26302264926967,12894
253,"Neift","pw",1.8,0,0,5.27463932448096,6.976799445387,420.453373683878,6334.18039215686,441.478651514878,0.4,NA,10764
254,"Rchch","cs",2.2,0,0,5.49296951035486,3.31746785848108,373.96556585335,6281.27058823529,393.184803725329,0,NA,23547
255,"Htstr","cs",2.6,0,0,3.31210739957141,1.28251951770743,390.981824601223,6350.98823529412,412.051480683909,0,NA,12091
256,"Taten","w_lowld",1,2.629409599,1,0.34978504314195,0.067962123046954,382.083581110901,6332.33725490196,398.926971359693,0.4,6.93405612122948,30176
257,"Tchbl","cs",2.9,0,0,0.614452679828341,0.134135113377421,477.80352815081,6303.6,499.895941583789,0,NA,12558
258,"Stetz","pw",1.9,0,0,5.9286822491376,4.50261925035987,384.740271105226,6354.46666666667,406.061313649612,0.2,NA,19448
259,"Backe","w_lowld",1.1,1.72427587,1,1.94345261982625,0.593837763473052,349.873589307105,6284.50980392157,374.418208491532,0.4,3.13043331029511,6162
260,"Bande","w_lowld",1.1,2.646403726,1,1.94345261982625,0.593837763473052,340.458831095138,6253.37647058823,362.481724087707,0.4,4.14847910701439,13848
261,"Tchph","cs",2.9,0,0,0.614452679828341,0.134135113377421,458.916885442279,6245.70980392157,478.298824715602,0,NA,11986
262,"Biere","w_lowld",1.2,1.579783597,1,2.10621507908283,0.661943749560052,373.909148225206,6343.06274509804,397.859723635912,0.4,3.74544372393825,26814
264,"Patan","pw",1.8,0,0,5.27463932448096,6.976799445387,354.410594540067,6337.56470588235,374.846880197747,0.2,NA,9815
265,"Kuwel","pw",1.9,0,0,5.9286822491376,4.50261925035987,435.299375827501,6319.40784313725,456.055483192345,0.4,NA,6517
267,"Folge","w_hild",1.7,3.488550717,1,3.60965734923752,1.47078411450279,422.29334089906,6314.96078431373,444.46599838993,0.4,5.14554438127239,10226
269,"Zunge","w_hild",1.4,2.890421019,1,2.64369143508596,0.913971996476475,390.861756509677,6288.3568627451,413.89467114278,0.4,2.53929239216211,18744
270,"Ghtsw","cs",2.8,0,0,2.10225746116987,0.66447963917475,441.804703360444,6287.61176470588,462.069857683749,0,NA,3870
271,"Anper","pw",2,0,0,5.45715004521666,3.29054017914273,427.758734001639,6289.7137254902,445.046945263587,0.2,NA,21996
272,"Buchs","w_lowld",1,1.278753601,1,0.34978504314195,0.067962123046954,352.951183405838,6294.27058823529,378.428695604395,0.2,4.62740092636566,13445
273,"Buche","w_lowld",1.2,1.322219295,1,2.10621507908283,0.661943749560052,344.725159825988,6289.77254901961,368.122598167867,0.4,3.83351630649706,18270
274,"Tibet","w_hild",2,1.973127854,1,5.45715004521666,6.70945982085727,442.102465166131,6333.98039215686,460.60289761027,0.4,4.33260319598548,9945
275,"Lnqvz","cs",3.5,0,0,3.04402969827053e-11,1.14275324891217e-12,448.915387428283,6339.22352941176,472.440043400487,0,NA,424
277,"Stuhl","w_hild",1.8,2.888740961,1,5.27463932448096,3.023200554613,439.391945022382,6330.53725490196,460.31921125552,0.2,2.86058338699122,9017
278,"Tanne","w_lowld",1.4,1.079181246,1,2.64369143508596,0.913971996476475,365.774233654876,6314.65490196078,388.015043291461,0.4,2.91728475937117,11004
279,"Lorum","pw",1.8,0,0,5.27463932448096,6.976799445387,439.312986570834,6338.05098039216,460.542085647926,0.4,NA,6411
280,"Binde","w_lowld",1.1,1.755874856,1,1.94345261982625,0.593837763473052,379.978624298594,6282.49803921569,401.589445030273,0.4,2.29046584670784,13883
281,"Winde","w_lowld",1.1,2.029383778,1,1.94345261982625,0.593837763473052,413.792346005926,6296.69019607843,433.719064028799,0.4,4.15471875329485,14114
282,"Nchdr","cs",2.6,0,0,3.31210739957141,1.28251951770743,411.770811424247,6269.67843137255,431.077397296718,0,NA,12452
283,"Chthr","cs",2.8,0,0,2.10225746116987,0.66447963917475,433.939688544228,6329.9568627451,454.640605443731,0,NA,15527
284,"Burve","pw",2,0,0,5.45715004521666,3.29054017914273,370.660238320408,6347.4862745098,394.801460405346,0.4,NA,4545
285,"Magen","w_lowld",1,2.755112266,1,0.34978504314195,0.067962123046954,410.503857259945,6240.77647058824,426.325201324694,0.4,2.13131962818211,27260
286,"Zeile","w_lowld",1,2.445604203,1,0.34978504314195,0.067962123046954,411.467004602484,6376.57647058824,435.698076720129,0.4,3.59205131707294,13271
287,"Panik","w_hild",2,2.940516485,1,5.45715004521666,6.70945982085727,408.692523800517,6331.12941176471,433.102921944548,0.4,6.36256063392539,7754
288,"Venus","w_hild",2,1.949390007,1,5.45715004521666,6.70945982085727,376.837755500914,6346.30588235294,400.398870505903,0.4,3.81786376896802,21523
289,"Knaut","pw",1.8,0,0,5.27463932448096,6.976799445387,362.158744089275,6325.55294117647,384.734123543108,0.4,NA,6695
290,"Salut","w_hild",2,1.875061263,1,5.45715004521666,6.70945982085727,394.719076981274,6353.43137254902,414.798210253367,0.4,4.58182817857624,6104
291,"Jagen","w_lowld",1,2.025305865,1,0.34978504314195,0.067962123046954,413.699865077863,6304.32549019608,429.148214919618,0.4,4.41869732873781,25690
292,"Boxer","w_hild",1.8,2.29666519,1,5.27463932448096,3.023200554613,360.380298846226,6326.62352941177,378.207810865999,0.4,4.1748299166787,16670
294,"Shstr","cs",2.8,0,0,2.10225746116987,0.66447963917475,401.208841813252,6328.12941176471,422.062973264574,0,NA,9572
295,"Cgpqv","cs",4,0,0,0,0,527.559314040728,6235.38039215686,547.499263953617,0,NA,22
297,"Weine","w_lowld",1,2.238046103,1,0.34978504314195,0.067962123046954,378.880885190088,6331.1137254902,398.254934755367,0.4,4.46902420343811,15998
298,"Lonus","pw",1.8,0,0,5.27463932448096,6.976799445387,372.486678015257,6354.5137254902,397.421740537328,0.4,NA,6500
299,"Labor","w_hild",1.9,2.924795996,1,5.9286822491376,5.49738074964013,403.238320408549,6338.49019607843,423.172601525822,0.4,3.87376753922215,6792
301,"Ckstr","cs",2.8,0,0,2.10225746116987,0.66447963917475,445.954865393102,6360.21176470588,468.067419895323,0,NA,10668
302,"Seele","w_hild",1.8,3.289365952,1,5.27463932448096,3.023200554613,375.364859718806,6329.30980392157,398.42913536573,0.2,7.25451324116541,12206
303,"Orbit","w_hild",2,2.225309282,1,5.45715004521666,6.70945982085727,457.185690687851,6352.51764705882,480.375396914698,0.2,4.16724918316285,7235
304,"Frimm","pw",1.9,0,0,5.9286822491376,4.50261925035987,488.889585776433,6309.86666666667,512.020944047743,0.2,NA,5868
305,"Vogel","w_hild",1.8,2.998259338,1,5.27463932448096,3.023200554613,476.427092869301,6318.68235294118,495.126416119585,0.4,2.47374676343642,13531
307,"Stscr","cs",2,0,0,5.45715004521666,3.29054017914273,388.980145009772,6365.5137254902,406.33084059655,0,NA,13819
308,"Laute","w_lowld",1,2.190331698,1,0.34978504314195,0.067962123046954,368.606254334531,6364.75294117647,392.855267062123,0.6,4.57240548173431,16806
309,"Driet","pw",1.8,0,0,5.27463932448096,6.976799445387,404.309052392661,6374.24705882353,422.267545142699,0.4,NA,10660
310,"Theke","w_hild",2,1.886490725,1,5.45715004521666,6.70945982085727,427.942550911039,6275.85490196078,452.256011917692,0.2,1.77920779796038,8618
311,"Rinde","w_lowld",1.2,1.361727836,1,2.10621507908283,0.661943749560052,385.340853666225,6290.52549019608,407.688518321794,0.4,3.06570888922686,16327
312,"Halle","w_lowld",1,2.374748346,1,0.34978504314195,0.067962123046954,400.80173507345,6336.5137254902,425.689800275792,0.4,3.80736252004856,11328
313,"Phase","w_hild",1.8,2.567026366,1,5.27463932448096,3.023200554613,362.961808208814,6305.42352941176,386.669434319706,0.4,5.85598534506193,7700
314,"Jacke","w_lowld",1.1,2.849419414,1,1.94345261982625,0.593837763473052,399.788331126662,6343.61960784314,422.567503538941,0.4,1.39974294234984,5298
315,"Druck","w_hild",1.8,3.022428371,1,5.27463932448096,3.023200554613,409.761079377088,6332.37254901961,429.132961952188,0.2,4.89290956758926,4749
316,"Lkthr","cs",2.8,0,0,2.10225746116987,0.66447963917475,456.41361830906,6337.87450980392,477.505098248545,0,NA,3395
317,"Teile","w_lowld",1,2.745074792,1,0.34978504314195,0.067962123046954,440.912207300926,6370.47843137255,464.451568950167,0.4,4.54854134211725,21297
318,"Komet","w_hild",1.9,1.643452676,1,5.9286822491376,5.49738074964013,394.311942500472,6284.04705882353,412.36127710459,0.4,4.19438753213724,6822
319,"Griff","w_hild",1.7,2.754348336,1,3.60965734923752,1.47078411450279,492.249769875796,6360.87058823529,514.386977238302,0.2,4.66956823530827,5328
320,"Titel","w_hild",1.8,2.745074792,1,5.27463932448096,3.023200554613,476.353960027741,6386.19215686274,494.860982912805,0.4,4.60377171323084,19924
321,"Anmas","pw",1.9,0,0,5.9286822491376,4.50261925035987,418.311415421474,6273.8,440.741509475106,0.2,NA,8293
322,"Brief","w_hild",1.8,3.186391216,1,5.27463932448096,3.023200554613,418.177138894143,6344.16862745098,436.880233329936,0.4,3.53135712849858,9522
323,"Kairo","w_hild",2,1.69019608,1,5.45715004521666,6.70945982085727,382.29077863943,6359.92156862745,405.711543953024,0.6,4.29967436260516,4131
325,"Geste","w_lowld",1.3,2.225309282,1,2.28177659516127,0.739890649996696,365.78067461068,6325.48235294118,387.316708052383,0.2,5.58550174002199,28910
326,"Ringe","w_lowld",1.2,2.178976947,1,2.10621507908283,0.661943749560052,402.901277346951,6282.36470588235,424.981978507346,0.4,4.00676308458262,21046
327,"Zahmt","pw",1.7,0,0,3.60965734923752,8.52921588549721,417.204022444991,6279.49803921569,441.066574737188,0.2,NA,2068
328,"Regie","w_hild",1.8,2.693726949,1,5.27463932448096,3.023200554613,396.639046718365,6284.33333333333,420.832813766054,0.4,4.59577816137391,12080
329,"Spion","w_hild",1.8,2.609594409,1,5.27463932448096,3.023200554613,416.742646743584,6295.05882352941,433.552769004941,0.4,4.40129993638275,5652
330,"Kamin","w_hild",1.8,2.214843848,1,5.27463932448096,3.023200554613,410.427877183027,6292.63529411765,432.415382575789,0.4,1.60205211155217,9143
331,"Wiese","w_lowld",1,1.84509804,1,0.34978504314195,0.067962123046954,391.884922766534,6337.58039215686,412.03124660389,0.4,1.8581601033793,13772
332,"Ghtcl","cs",3,0,0,0.441458118208431,0.0906726429172815,450.760012609545,6335.53333333333,470.114688220384,0,NA,2208
333,"Hunan","pw",2,0,0,5.45715004521666,3.29054017914273,331.875473173191,6295.36078431373,353.016784020669,0.4,NA,11700
334,"Nasen","w_lowld",1.4,1.62324929,1,2.64369143508596,0.913971996476475,339.963956875354,6290.76862745098,356.500390307809,0.4,3.21536115687088,23052
335,"Antus","pw",1.8,0,0,5.27463932448096,6.976799445387,391.356502112099,6335.83921568627,414.370344282016,0.2,NA,10720
336,"Sucen","pw",1.9,0,0,5.9286822491376,4.50261925035987,344.308328604753,6327.47450980392,361.590785246977,0.4,NA,17789
337,"Tondo","pw",1.9,0,0,5.9286822491376,4.50261925035987,414.390966521656,6288.18431372549,435.004614790181,0.2,NA,8053
338,"Ghtkn","cs",2.7,0,0,2.63252574021825,0.915112929402753,427.674141605195,6276.37254901961,448.833539782182,0,NA,2384
339,"Hasen","w_lowld",1,2.217483944,1,0.34978504314195,0.067962123046954,321.730039720068,6293.5137254902,339.069307502373,0.4,2.858887387196,23594
340,"Rmstr","cs",2.5,0,0,4.44678565945304,2.10397898403477,424.760216884181,6304.42352941176,447.156373268586,0,NA,9783
341,"Gamma","w_hild",2,1.662757832,1,5.45715004521666,6.70945982085727,442.205860916713,6230.19607843137,464.060320915878,0.2,4.30945240086971,5110
342,"Zutar","pw",2,0,0,5.45715004521666,3.29054017914273,385.708147027299,6372.89019607843,407.316971630076,0.4,NA,7358
343,"Chsth","cs",2.9,0,0,0.614452679828341,0.134135113377421,425.772960090788,6310.28235294118,446.86638581949,0,NA,19188
344,"Motel","w_hild",1.8,2.531478917,1,5.27463932448096,3.023200554613,441.504084231763,6326.75294117647,459.272683773927,0.4,3.19333384651637,15412
345,"Redon","pw",1.9,0,0,5.9286822491376,4.50261925035987,362.818672214866,6264.34901960784,381.430972908717,0.4,NA,9299
346,"Pobei","pw",1.9,0,0,5.9286822491376,4.50261925035987,404.9437336864,6326.43921568627,425.986238313665,0.6,NA,11298
347,"Autor","w_hild",1.7,2.627365857,1,3.60965734923752,1.47078411450279,408.939597755501,6360.52156862745,427.22100702031,0.4,3.95487289819712,8447
348,"Ngthw","cs",3,0,0,0.441458118208431,0.0906726429172815,470.407817918164,6223.40392156863,490.534450616689,0,NA,6357
349,"Arena","w_hild",2,1.84509804,1,5.45715004521666,6.70945982085727,397.975678708782,6331.58039215686,418.631965119134,0.4,4.19788201960769,26215
350,"Relpe","pw",2,0,0,5.45715004521666,3.29054017914273,403.571805056427,6278.69411764706,425.54570718106,0.2,NA,10944
351,"Heueu","pw",2,0,0,5.45715004521666,3.29054017914273,326.223900132399,6307.51764705882,343.657838471007,0.4,NA,8052
353,"Nutve","pw",1.8,0,0,5.27463932448096,6.976799445387,386.780377025408,6337.49803921569,409.68747412848,0.4,NA,4080
354,"Lnpqx","cs",3.6,0,0,3.89366704012169e-12,1.3700674880621e-13,473.82050816468,6265.36862745098,494.784297677083,0,NA,569
355,"Tchcr","cs",2.6,0,0,3.31210739957141,1.28251951770743,419.695814891873,6349.03921568627,438.769551281215,0,NA,11760
356,"Ngstr","cs",2.8,0,0,2.10225746116987,0.66447963917475,435.240501859908,6289.94509803922,455.955358381067,0,NA,14700
357,"Rasen","w_lowld",1.3,2.311753861,1,2.28177659516127,0.739890649996696,328.899466616228,6300.32549019608,347.306653199961,0.4,2.32207130254522,24836
358,"Tschm","cs",2.4,0,0,4.52414350851075,2.17146523807725,459.433859151378,6276.67450980392,480.282054126754,0,NA,19371
359,"Virus","w_hild",2,3.029789471,1,5.45715004521666,6.70945982085727,427.523106991993,6401.66274509804,450.868937167859,0.4,4.24840950907964,5324
360,"Karte","w_lowld",1.1,3.276231958,1,1.94345261982625,0.593837763473052,350.65221108379,6343.38039215686,374.101930955207,0.4,3.01174975432442,16452
361,"Basen","w_lowld",1.1,1.301029996,1,1.94345261982625,0.593837763473052,323.537237248597,6292.29803921569,341.20757990844,0.4,4.14002382452766,22413
362,"Retan","pw",1.8,0,0,5.27463932448096,6.976799445387,343.006947859529,6311.54117647059,362.660125543928,0.4,NA,14352
363,"Raese","pw",1.9,0,0,5.9286822491376,4.50261925035987,323.913637223378,6302.29411764706,346.89297995432,0.4,NA,11832
364,"Ghtsm","cs",2.7,0,0,2.63252574021825,0.915112929402753,448.017983733686,6264.57647058824,467.967258451803,0,NA,3944
365,"Paten","w_lowld",1.3,1.544068044,1,2.28177659516127,0.739890649996696,349.746134543849,6337.47058823529,367.72959824026,0.4,4.72317663296103,28982
367,"Bhwxz","cs",3.6,0,0,3.89366704012169e-12,1.3700674880621e-13,414.484002269718,6278.03529411765,438.989776988153,0,NA,569
369,"Grees","pw",2,0,0,5.45715004521666,3.29054017914273,378.262210453313,6333.94117647059,398.717064606195,0.2,NA,11530
370,"Foval","pw",2,0,0,5.45715004521666,3.29054017914273,429.259716285227,6382.96470588235,451.811019327,0.4,NA,3505
371,"Zarig","pw",2,0,0,5.45715004521666,3.29054017914273,439.009247840615,6335.49411764706,461.472871121674,0.4,NA,8648
372,"Ckthr","cs",2.8,0,0,2.10225746116987,0.66447963917475,454.22825546939,6332.9137254902,474.921094676031,0,NA,4843
373,"Reize","w_lowld",1.1,1.531478917,1,1.94345261982625,0.593837763473052,349.094026858331,6343.41176470588,372.195944287601,0.4,5.37728393959117,13337
374,"Amche","pw",1.9,0,0,5.9286822491376,4.50261925035987,431.353498518378,6263.63137254902,451.965655529597,0.2,NA,18441
375,"Junme","pw",1.6,0,0,3.30506366289923,8.72110349457914,418.581519450223,6317.02352941176,442.002771141821,0.4,NA,7409
376,"Mbscr","cs",2.9,0,0,0.614452679828341,0.134135113377421,428.934536283967,6299.0431372549,446.792203786906,0,NA,6449
377,"Stann","pw",1.8,0,0,5.27463932448096,6.976799445387,367.811689048609,6318.41568627451,386.650540979706,0.2,NA,14169
378,"Rkscr","cs",3,0,0,0.441458118208431,0.0906726429172815,401.665446062669,6321.1137254902,421.816909442488,0,NA,6980
379,"Farbe","w_hild",1.7,2.983175072,1,3.60965734923752,1.47078411450279,359.282489124267,6326.56078431373,382.283509822242,0.4,4.13929242523074,9096
380,"Stufe","w_hild",1.7,2.565847819,1,3.60965734923752,1.47078411450279,394.906172372486,6331.67843137255,417.783659578331,0.4,3.63956828063183,10590
381,"Rldsh","cs",2.8,0,0,2.10225746116987,0.66447963917475,435.427029821575,6267.74117647059,455.839214988522,0,NA,2097
382,"Macke","w_lowld",1.2,1.505149978,1,2.10621507908283,0.661943749560052,396.592323308744,6280.07058823529,419.744489944017,0.4,5.30331444246219,6868
383,"Kasse","w_lowld",1,2.387389826,1,0.34978504314195,0.067962123046954,330.081498013996,6312.49019607843,352.636284583674,0.4,2.75034380293915,8448
385,"Watte","w_lowld",1.1,1.477121255,1,1.94345261982625,0.593837763473052,374.881465229178,6335.38823529412,396.310924868148,0.4,1.53036683129201,14402
386,"Bogen","w_lowld",1.2,2.274157849,1,2.10621507908283,0.661943749560052,372.935446693146,6248.16078431373,389.955336227284,0.4,2.85133246648052,25284
387,"Regil","pw",1.8,0,0,5.27463932448096,6.976799445387,462.756638295189,6307.09803921569,486.903800595019,0.4,NA,8998
388,"Zefet","pw",2,0,0,5.45715004521666,3.29054017914273,389.38147405586,6341.41568627451,407.247973931804,0.2,NA,6630
389,"Kodex","w_hild",2,1.929418926,1,5.45715004521666,6.70945982085727,385.180793140406,6281.75294117647,404.187191100811,0.4,4.33973693829477,6126
391,"Feind","w_hild",1.8,3.151982395,1,5.27463932448096,3.023200554613,401.883064119538,6324.56470588235,421.80704525216,0.4,5.91619656145031,16818
392,"Paris","w_hild",1.8,3.159567193,1,5.27463932448096,3.023200554613,383.674615724103,6381.61176470588,410.897238016247,0.4,4.41982566617528,10182
393,"Wnstr","cs",2.5,0,0,4.44678565945304,2.10397898403477,407.668184855935,6346.28235294118,428.367421552495,0,NA,11242
394,"Febus","pw",2,0,0,5.45715004521666,3.29054017914273,361.789783746296,6315.10588235294,386.890060015825,0.4,NA,6154
395,"Gruft","w_hild",1.9,1.69019608,1,5.9286822491376,5.49738074964013,436.810571842885,6354.57647058824,459.307192914981,0.2,2.54075207501957,4741
396,"Risse","w_lowld",1.4,1.568201724,1,2.64369143508596,0.913971996476475,365.685633944896,6335.9137254902,388.329250408412,0.4,3.50757285843972,12090
397,"Fette","w_lowld",1.1,1.785329835,1,1.94345261982625,0.593837763473052,354.899388437046,6363.16862745098,378.182450365498,0.2,3.2890442335907,15250
398,"Alahn","pw",2,0,0,5.45715004521666,3.29054017914273,439.495577832419,6307.37254901961,458.619182036949,0.2,NA,6850
399,"Hafen","w_lowld",1.1,2.572871602,1,1.94345261982625,0.593837763473052,352.2278973583,6290.12156862745,369.130922757434,0.4,2.79906859563497,21243
400,"Lonst","pw",1.7,0,0,3.60965734923752,8.52921588549721,384.545451106487,6361.9137254902,406.424298165513,0.2,NA,12645
401,"Ldthr","cs",2.8,0,0,2.10225746116987,0.66447963917475,442.71214173129,6323.29411764706,463.927841288202,0,NA,2828
402,"Stolz","w_hild",1.8,2.776701184,1,5.27463932448096,3.023200554613,419.511440640565,6364.5568627451,442.915439530203,0.2,6.9069196377434,9336
403,"Meper","pw",1.8,0,0,5.27463932448096,6.976799445387,424.172455708971,6267.63529411765,440.292587640461,0.2,NA,20093
404,"Dompf","pw",1.9,0,0,5.9286822491376,4.50261925035987,477.730700460248,6229.41176470588,498.113772239918,0.2,NA,2728
405,"Htscr","cs",2.8,0,0,2.10225746116987,0.66447963917475,376.480290019544,6349.85882352941,394.809211264243,0,NA,9278
406,"Zelle","w_lowld",1.2,2.848189117,1,2.10621507908283,0.661943749560052,426.458687346321,6370.12549019608,451.117931394796,0.2,2.69715991142923,12250
407,"Cqchp","cs",3,0,0,0.441458118208431,0.0906726429172815,471.710013240022,6244.42352941176,491.745415518644,0,NA,11604
408,"Leine","w_lowld",1,2.397940009,1,0.34978504314195,0.067962123046954,382.402640438812,6367.87843137255,403.816633654045,0.4,3.0047667018055,18424
410,"Rumse","pw",1.8,0,0,5.27463932448096,6.976799445387,378.104275896854,6272.40784313725,401.325764937889,0.4,NA,6584
411,"Klotz","w_hild",2,1.748188027,1,5.45715004521666,6.70945982085727,413.950469705567,6361.41176470588,437.428066925364,0.2,3.43171787240146,3737
412,"Meile","w_lowld",1,2.336459734,1,0.34978504314195,0.067962123046954,436.431801273563,6337.21568627451,459.014574398778,0.4,3.53675756412822,14121
413,"Elite","w_hild",2,1.792391689,1,5.45715004521666,6.70945982085727,412.12738667171,6365.77254901961,435.439578519904,0.4,5.42508225618235,20182
414,"Insel","w_hild",1.9,3.300812794,1,5.9286822491376,5.49738074964013,442.26254838913,6384.45882352941,462.033855866091,0.2,3.64169891274895,15332
415,"Nthsl","cs",3,0,0,0.441458118208431,0.0906726429172815,443.133305592333,6308.32156862745,464.389505560689,0,NA,4133
416,"Tolle","w_lowld",1,2.741151599,1,0.34978504314195,0.067962123046954,462.958396065821,6367.06666666667,487.547765040809,0.4,4.92298858299579,9121
417,"Amtig","pw",2,0,0,5.45715004521666,3.29054017914273,514.665632683942,6274.19215686274,535.009051129017,0.2,NA,7134
418,"Konak","pw",2,0,0,5.45715004521666,3.29054017914273,376.160617867725,6284.72156862745,397.425103900378,0.4,NA,5992
419,"Cdkvw","cs",3.7,0,0,1.51797965430034e-12,5.28912960353447e-14,503.738659605321,6291.78039215686,526.970826083206,0,NA,80
420,"Ndscr","cs",3,0,0,0.441458118208431,0.0906726429172815,399.028459744026,6296.97647058824,417.433389589991,0,NA,10024
421,"Prinz","w_hild",2,2.894316063,1,5.45715004521666,6.70945982085727,404.181426139588,6391.54509803922,426.354290812901,0.2,4.12052289873439,10211
422,"Mmbnm","cs",3,0,0,0.441458118208431,0.0906726429172815,501.682801840993,6178.40392156863,521.794944576293,0,NA,1610
423,"Llspr","cs",2.8,0,0,2.10225746116987,0.66447963917475,481.699221991047,6350.29411764706,502.339838347158,0,NA,5611
424,"Rilie","pw",1.9,0,0,5.9286822491376,4.50261925035987,431.595480738919,6378.89803921569,456.602939475694,0.4,NA,12690
425,"Tchsp","cs",2.5,0,0,4.44678565945304,2.10397898403477,445.142974591766,6273.00784313725,465.201549718241,0,NA,13653
426,"Koreh","pw",2,0,0,5.45715004521666,3.29054017914273,367.042637916903,6307.81176470588,384.036699400194,0.4,NA,10571
427,"Rtthr","cs",2.5,0,0,4.44678565945304,2.10397898403477,406.424641573671,6330.50196078431,427.142501162206,0,NA,6246
428,"Sorge","w_hild",1.6,3.580012113,1,3.30506366289923,1.27889650542086,391.12361137381,6291.17254901961,410.757378213066,0.4,6.91103346410832,12240
429,"Rthpl","cs",3,0,0,0.441458118208431,0.0906726429172815,469.598617993821,6271.60784313726,492.506051559012,0,NA,3851
430,"Bcdfw","cs",3.4,0,0,6.67876777830979e-12,2.38690265691028e-13,446.173686400605,6255.87058823529,469.629512677813,0,NA,138
431,"Arcer","pw",1.7,0,0,3.60965734923752,8.52921588549721,410.948348780026,6372.21176470588,427.488728521083,0.2,NA,19442
432,"Kpdnp","cs",3,0,0,0.441458118208431,0.0906726429172815,456.155969989281,6183.46274509804,476.947291961583,0,NA,286
434,"Gerke","pw",1.7,0,0,3.60965734923752,8.52921588549721,390.597639493096,6309.6,412.982492928675,0.2,NA,26858
435,"Madam","w_hild",2,0,1,5.45715004521666,6.70945982085727,448.468578273753,6212.89411764706,468.51291818538,0.2,NA,4745
436,"Monat","w_hild",1.8,3.294906911,1,5.27463932448096,3.023200554613,389.959788159636,6302.1137254902,410.016971193979,0.4,5.39214411984681,7190
437,"Hokle","pw",1.9,0,0,5.9286822491376,4.50261925035987,398.519094634638,6296.85098039216,423.522511646004,0.4,NA,5943
438,"Ffscr","cs",2.9,0,0,0.614452679828341,0.134135113377421,409.192994136561,6376.10196078431,428.886654612919,0,NA,6806
439,"Kelle","w_lowld",1.1,1,1,1.94345261982625,0.593837763473052,413.982636655948,6348.92941176471,438.621976030309,0.2,1.64806345085529,12558
440,"Anein","pw",1.6,0,0,3.30506366289923,8.72110349457914,410.448745980707,6334.56078431373,431.939186293267,0.4,NA,18912
441,"Hecke","w_lowld",1.1,1.230448921,1,1.94345261982625,0.593837763473052,350.162209192358,6285.63137254902,373.560011024565,0.2,1.97273156765968,10039
442,"Debüt","w_hild",2,1.568201724,1,5.45715004521666,6.70945982085727,393.092841561061,6280.18823529412,414.331366356429,0.4,4.61963273044121,7078
443,"Armen","w_lowld",1,2.831869774,1,0.34978504314195,0.067962123046954,435.49160582561,6293.38039215686,450.676608133581,0.2,4.82345243008031,22347
444,"Wefle","pw",1.9,0,0,5.9286822491376,4.50261925035987,431.235985120736,6327.73725490196,453.565562204603,0.2,NA,7421
446,"Sumen","pw",1.9,0,0,5.9286822491376,4.50261925035987,386.168329865708,6274.78431372549,402.695172306724,0.4,NA,20447
447,"Ssthr","cs",2.1,0,0,5.59994791357721,3.51038210422141,394.17750457096,6328.12941176471,413.34528695692,0,NA,10664
448,"Ssphr","cs",2.5,0,0,4.44678565945304,2.10397898403477,421.33422356724,6270.6431372549,440.951315402728,0,NA,5361
449,"Woche","w_hild",1.6,3.686368103,1,3.30506366289923,1.27889650542086,376.600640564907,6298.69019607843,397.098930425784,0.4,4.69079542377952,17919
450,"Tremm","pw",2,0,0,5.45715004521666,3.29054017914273,503.3120332892,6267.40784313725,525.420635988037,0.2,NA,9966
451,"Honat","pw",1.9,0,0,5.9286822491376,4.50261925035987,341.433856629468,6307.76862745098,362.552417335426,0.4,NA,7399
452,"Opfer","w_hild",1.6,3.273464273,1,3.30506366289923,1.27889650542086,461.262172624676,6296.36862745098,478.290638281919,0.2,4.86826802546253,19171
453,"Story","w_hild",2,2.958563883,1,5.45715004521666,6.70945982085727,458.07288569447,6335.76862745098,479.18402869177,0.2,5.03316657810287,10311
454,"Speck","w_hild",2,2.235528447,1,5.45715004521666,6.70945982085727,425.189665216568,6259.5137254902,443.318002042687,0.2,2.08151399102972,5340
455,"Enuel","pw",1.9,0,0,5.9286822491376,4.50261925035987,385.559838597818,6327.18823529412,406.669883326315,0.4,NA,21571
456,"Roman","w_hild",1.8,2.575187845,1,5.27463932448096,3.023200554613,383.564120799445,6260.76078431373,403.374883888882,0.4,3.71995439594122,9176
457,"Ghtdr","cs",2.8,0,0,2.10225746116987,0.66447963917475,440.173588046151,6287.93333333333,458.983216677094,0,NA,2692
458,"Wille","w_lowld",1.1,2.525044807,1,1.94345261982625,0.593837763473052,475.942447512767,6378.61176470588,499.065412622951,0.4,6.34238725186166,8944
459,"Tchgr","cs",2.5,0,0,4.44678565945304,2.10397898403477,464.103655507219,6291.87058823529,483.841323086774,0,NA,12700
460,"Hapar","pw",2,0,0,5.45715004521666,3.29054017914273,378.215166761238,6273.47843137255,398.665240800296,0.2,NA,6488
